"Mean","Stdev","Term1","Term2","CUI1","CUI2"
797.5,191.719413031997,"Carbatrol","Dilantin","C0006949","C0031507"
417.25,288.876415329001,"Cardiomyopathy","Tylenol","C0878544","C0000970"
1273,126.438390794357,"Coccidioidomycosis","Histoplasmosis","C0009186","C0019655"
1111.25,235.712218605655,"Leucovorin","Methotrexate","C0023413","C0025677"
1294.75,79.9306991503682,"Angina","Plavix","C0002962","C0070166"
1303.25,79.5167697197683,"Dyslipidemia","Atherosclerosis","C0242339","C0004153"
833.5,335.666997682723,"Rheumatism","Sluggishness","C0035435","C0920289"
990,433.262814774897,"Zofran","Ipecac Syrup","C0061851","C0022046"
616.25,499.880902482448,"Nystagmus","Incontinence","C0028738","C0021167"
708.75,397.51677113467,"Emaciation","Carboplatin","C0013911","C0079083"
860.25,455.950563840716,"Zovirax","Famvir","C0001367","C0209227"
990.25,413.50725507541,"Insulin","Avandia","C0021641","C0289313"
669,313.22728701908,"Cluttering","Mannerism","C0009090","C0233576"
1456.75,110.101089912861,"Nausea","Vomiting","C0027497","C0027498"
704.75,449.447345822252,"Ketonuria","Chyluria","C0162275","C0159075"
1306.25,56.8411529322433,"Convulsion","Ethanol","C0009951","C0001962"
1277,247.242121546201,"Parasitemia","Malaria","C0242723","C0024530"
1439.5,125.837196408693,"Proteinuria","Diabetes","C0033687","C0011847"
776,443.855081454897,"Gastroenteritis","Cromolyn","C0017160","C0086073"
710.5,476.429428142301,"Hypoproteinemia","Hunger","C0020639","C0020175"
1261.5,324.356285587315,"Insulin","Glucagen","C0021641","C0017687"
1306,84.5419028253643,"Regurgitation","Protonix","C2004489","C0081876"
361,289.555981921746,"Cataracts","Epilepsy","C0086543","C0014544"
499.25,639.533358525313,"Cataracts","Wheezing","C0086543","C0043144"
837.25,407.934941708438,"Methadone","Ultram","C0025605","C0040610"
787.5,351.486841858981,"Diabetes","Psoriasis","C0011847","C0033860"
1173.5,377.816975090674,"Blanching","Pallor","C0948786","C0030232"
1171.75,293.088581604038,"Thirsty","Lasix","C0232471","C0016860"
441.25,313.179793941648,"Photosensitization","Aphonia","C0031763","C0003564"
964.75,425.897777250207,"Polyuria","Chyluria","C0032617","C0159075"
470,261.530112988925,"Psoriasis","Meningism","C0033860","C0025287"
663.75,532.817276371553,"Virilism","Drooling","C0042755","C0013132"
1168.75,180.642141631828,"Psoriasis","Arthritis","C0033860","C0003864"
865.75,541.163176254014,"Tuberculosis","Clubbing","C0041296","C0149651"
1063.75,472.353945680567,"Pancreatitis","Diabetes","C0030305","C0011847"
1441.25,44.0936503365281,"Coumadin","Vitamin K","C0043031","C0042878"
582.25,531.119807576407,"Dementias","Psoriasis","C0497327","C0033860"
804,584.219707530195,"Peritonitis","Grimaces","C0031154","C0239779"
1469.25,91.0398264497467,"Anemia","Iron","C0002871","C0060277"
1247,138.074858923218,"Encephalitis","Meningism","C0014038","C0025287"
1470.5,85.457591821909,"Exophthalmos","Hyperthyroidism","C0015300","C0020550"
1417.25,19.0853346839923,"Obesity","Diabetes","C0028754","C0011847"
778.25,577.49480517144,"Thromboembolism","Hemoptysis","C0040038","C0019079"
1370.5,18.411952639522,"Pneumoniae","Ceftiaxone","C0032285","C0007561"
906,355.457451743524,"Cardura","Hytrin","C0114873","C0076107"
573.75,417.274789557193,"Cataracts","Glucophage","C0086543","C0025598"
998.5,400.043747607684,"Seizures","Carbatrol","C0036572","C0006949"
1190,266.600825205024,"Cardialgia","Nitroglycerine","C0858529","C0017887"
463.75,432.59632838633,"Cataracts","Insulin","C0086543","C0021641"
1187,266.091462972164,"Anemia","Reticulocytosis","C0002871","C0206160"
1234.75,270.427285359053,"Convulsion","Carbatrol","C0009951","C0006949"
824,416.005608936546,"Garlic","Fish Oil","C0885057","C0016157"
1355.5,188.493147532388,"Dyslipidemia","Fish Oil","C0242339","C0016157"
931.25,248.659573178539,"Hemophilia","Hemoptysis","C0684275","C0019079"
1126,227.51849741651,"Nitroglycerine","Morphine","C0017887","C0026549"
1248,173.929104330855,"Fibrillation","Angina","C0232197","C0002962"
1295.5,110.204355630801,"Cefoxitin","Ceftiaxone","C0007557","C0007561"
1485,81.6986331995014,"Diabetes","Insulin","C0011847","C0021641"
871.25,325.134203060828,"Pallor","Aspirin","C0030232","C0004057"
253.25,62.1523665411597,"Earache","Crowning","C0013456","C0233212"
525.75,298.568110599017,"Herpes","Cholestasis","C0019340","C0008370"
358.25,111.568738154258,"Cardiomyopathy","Rogaine","C0878544","C0026196"
1273,153.792067415716,"Asthenia","Weakness","C0004093","C1883552"
770,153.070789723796,"Endep","Prozac","C0002600","C0016365"
1261.5,125.487051124807,"Dyslipidemia","Cholestyramine","C0242339","C0008402"
406.25,204.483699431846,"Rabies","Acne","C0034494","C0702166"
753,554.627202121689,"Plague","Adenitis","C0032064","C0001416"
816.25,434.286675672495,"Chyluria","Menouria","C0159075","C0232955"
1244,304.730482011017,"Alcohol","Antabuse","C0001975","C0012772"
1209.75,142.871445712571,"Codeine","Narcan","C0009214","C0027358"
853.25,412.573528800221,"Cardialgia","Lithobid","C0858529","C0023870"
1352,148.835479641112,"Coumadin","Aspirin","C0043031","C0004057"
824.75,368.748672313994,"Vancocin","Glucotrol","C0042313","C0017642"
1280,136.552798091678,"Myelosuppression","Chloramphenicol","C0854467","C0008168"
664,467.809077865461,"Cirrhosis","Hernia","C1623038","C0019270"
1238,156.93523080133,"Agranulocytosis","Leukopenia","C0001824","C0023530"
959.5,460.343712168781,"Flumazenil","Valium","C0016293","C0012010"
1084.25,241.855845494791,"Allergy.","Heparin","C1998461","C0019134"
948,398.010050124366,"Coccidioses","Meningitis","C0009187","C0025289"
275.5,106.202636502113,"Aneurysm","Osteoporosis","C0002940","C0029456"
630.5,530.599974871214,"Osteoporosis","Thrombus","C0029456","C0087086"
473.5,282.636987435591,"Sciatica","Actonel","C0036396","C0246719"
1170.5,514.184467547073,"Atherosclerosis","Ischemias","C0004153","C0022116"
1285.75,271.120360725638,"Fibrillation","Thrombus","C0232197","C0087086"
443.5,449.133610410087,"Thrombocytopenia","Sciatica","C0040034","C0036396"
1325.75,74.6653645719799,"Encephalitis","Meningitis","C0014038","C0025289"
354,199.708120349007,"Urethrorrhea","Tremor","C0152447","C0040822"
1011,358.666047087445,"Albumin","Heparin","C0001924","C0019134"
1085.5,466.705117463551,"Polyuria","Insulin","C0032617","C0021641"
610,408.967806393934,"Snoring","Stridor","C0037384","C0038450"
353.5,175.477443944609,"Psoriasis","Coreg","C0033860","C0054836"
282.25,135.160090263361,"Haemorrhoids","Infertility","C0019112","C0021359"
1135.25,472.932958603366,"Epilepsy","Phenobarbital","C0014544","C0031412"
856.75,456.318876079729,"Epilepsy","Alcohol","C0014544","C0001975"
699.75,515.133882273984,"Snoring","Loperamide","C0037384","C0023992"
815.5,484.667927554527,"Asthenia","Cachexia","C0004093","C0006625"
816.75,463.801951267995,"Seizures","Wellbutrin","C0036572","C0085208"
1266.25,176.634037867375,"Pneumoniae","Septicemia","C0032285","C0036690"
527.25,304.972539747434,"Exophthalmos","Hepatosplenomegaly","C0015300","C0019214"
570.25,540.562901057777,"Hernias","Dementia","C0019270","C0497327"
365.25,232.465588851339,"Synthroid","Lidocaine","C0040165","C0023660"
1341.5,126.033064444745,"Pneumoniae","Dyspnea","C0032285","C0013404"
1002.75,241.17680236706,"Bandemia","Meningism","C0741439","C0025287"
528.5,340.425713874065,"Glaucoma","Fibrillation","C0017601","C0232197"
1233,297.441310737653,"Seasickness","Carsickness","C0036494","C0007297"
917.5,576.519152616228,"Arthralgia","Clubbing","C0003862","C0149651"
1109,484.727414808227,"Acetylcysteine","Tylenol","C0001047","C0000970"
1139,310.641272209602,"Thrombophilias","Thromboembolism","C0398623","C0040038"
427.25,269.549469794816,"Goiter","Motrin","C0018021","C0020740"
418.75,300.863618050881,"Hemophilia","Glucotrol","C0684275","C0017642"
1173,334.967660130547,"Pseudoophthalmoplegia","Ophthalmalgia","C0271397","C1698636"
415,285.373439548953,"Dysuria","Plavix","C0013428","C0070166"
414.5,290.000574712074,"Underexertion","Virilism","C0231236","C0042755"
540.25,316.017272734682,"Aneurysm","Silvadene","C0002940","C0947651"
772.25,199.89726528061,"Colchicine","Prednisolone","C0009262","C0032950"
462.5,286.61297946883,"Hernia","Sinemet","C0019270","C0006982"
488.5,288.904251728261,"Overnutrition","Seizures","C1257763","C0036572"
473.5,310.76303941535,"Cataracts","Pancreatitis","C0086543","C0030305"
1514.5,111.147049743422,"Ethanol","Alcohol","C0001962","C0001975"
1121,366.173001007265,"Hyperthyroidism","Seizures","C0020550","C0036572"
899.25,446.919362599862,"Folic Acid","Primatine","C0016410","C0014563"
695.75,529.337557707745,"Esmolol","Amiodarone","C0116569","C0002598"
1134.75,238.218911927664,"Infertility","Carboplatin","C0021359","C0079083"
1150.25,232.05943922481,"Tremor","Sinemet","C0040822","C0006982"
615.75,547.014548861972,"Diabetes","Codeine","C0011847","C0009214"
277.25,100.523214565923,"Coumadin","Aloe Vera","C0043031","C0995182"
1054.75,448.279953451709,"Pancreatitis","Insulin","C0030305","C0021641"
668.25,493.421641870993,"Gastroenteritis","Insulin","C0017160","C0021641"
789.5,312.623842127671,"Histoplasmosis","Prednisolone","C0019655","C0032950"
1070,516.026485108403,"Clubbing","Dyspnea","C0149651","C0013404"
651.25,477.500698079769,"Hemiplegia","Plavix","C0018991","C0070166"
595.25,328.178178230465,"Mycosis","Lipitor","C0026946","C0286651"
825.5,406.582914873051,"Rheumatism","Colchicine","C0035435","C0009262"
664,443.040254002576,"Dyspnea","Penicillin","C0013404","C0220892"
1040,532.663120555572,"Cirrhosis","Hematemesis","C1623038","C0018926"
1210.5,291.017181623354,"Hemicrania","Headache","C0877781","C0018681"
618.5,513.685052666839,"Atherosclerosis","Heartburn","C0004153","C0018834"
1389,37.8505834389203,"Sluggishness","Fatigue","C0920289","C0015672"
794.75,660.760861936198,"Cardiomyopathies","Syncope","C0878544","C0039070"
1285,150.441572268661,"Anoxemia","Seizures","C0003129","C0036572"
897,465.120056186214,"Seasickness","Ethanol","C0036494","C0001962"
371.5,104.872938994449,"Dyslipidemia","Iron","C0242339","C0060277"
678.5,515.160492791648,"Thalassemia","Tremor","C0039730","C0040822"
831,407.22066090348,"Convulsion","Wellbutrin","C0009951","C0085208"
474.5,234.066229943578,"Angina","Levophed","C0002962","C0028351"
601.75,270.413726229519,"Sandimmune","Prednisolone","C0010592","C0032950"
1068.25,248.054261537001,"Spasm","Sciatica","C0037763","C0036396"
1006,476.652913554507,"Anovulation","Mittelschmerz","C0003128","C0152149"
318.25,145.561842527498,"Ischemias","Aloe Vera","C0022116","C0995182"
702.5,347.762850229866,"Bronchitis","Singulair","C0006277","C0298130"
1329.75,140.148433217547,"Lipitor","Lovastatin","C0286651","C0024027"
1265.75,173.015172745051,"Pneumoniae","Weakness","C0032285","C1883552"
325.75,95.7231250360469,"Spasm","Lasix","C0037763","C0016860"
657.25,444.940726389482,"Torticollis","Erythromycin","C0040485","C0014806"
1258.25,154.227915761058,"Dermatitis","Allergy.","C0011603","C1998461"
752.5,238.708329696864,"Silvadene","Ketamine","C0947651","C0022614"
1399.5,40.4680944284095,"Arteriosclerosis","Ischemias","C0003850","C0022116"
635.5,378.79677928937,"Hemochromatosis","Polyuria","C0018995","C0032617"
787.25,376.530985887395,"Metatarsalgia","Toothache","C0025587","C0040460"
1163.75,251.874803556582,"Dehydration","Starvation","C0011175","C0038187"
362.75,93.3072880326076,"Colitis","Epilepsy","C0009319","C0014544"
1459.5,74.9510951665596,"Diabetes","Polydipsia","C0011847","C0085602"
1363.25,43.392587692677,"Ketonuria","Starvation","C0162275","C0038187"
736.5,134.363933652847,"Coreg","Atacand","C0054836","C0717550"
1347,91.6042211545589,"Banana Bag","Vitamin B1","C0301532","C0039840"
1224.75,292.986205591094,"Hypothyroidism","Weakness","C0020676","C1883552"
1218,299.257971211016,"Thalassemia","Hemoglobinopathy","C0039730","C0019045"
812.25,322.624007166237,"Mycoses","Meningitis","C0026946","C0025289"
1382.75,142.31508470058,"Pallor","Iron","C0030232","C0060277"
943,449.814776695179,"Maculopapule","Macule","C0332566","C0332573"
1308.25,44.6420952315935,"Heartburn","Motrin","C0018834","C0020740"
399.75,229.501452428229,"Aloe Vera","Vicodin","C0995182","C0020264"
1119.75,429.241482151947,"Codeine","Robitussin","C0009214","C0011816"
586.5,549.626236637226,"Acetylcysteine","Adenosine","C0001047","C0001443"
997.75,409.627778192186,"Cromolyn","Prednisolone","C0086073","C0032950"
1337.75,135.298127604684,"Ceftazidime","Ceftiaxone","C0007559","C0007561"
1462.75,55.6619259458384,"Pain","Morphine","C0030193","C0026549"
737,456.713622890026,"Narcan","Duragesic","C0027358","C0015846"
1230.25,305.386503740206,"Agranulocytosis","Myelosuppression","C0001824","C0854467"
593.5,484.905832782682,"Dysuria","Hemoptysis","C0013428","C0019079"
656.25,294.2146325389,"Vasculitis","Hemiplegia","C0042384","C0018991"
475,287.225811282111,"Sleeplessness","Dextran","C0917801","C0086140"
1307.75,295.26979188532,"Colchicine","Probenecid","C0009262","C0033209"
1187,185.996415736075,"Cirrhosis","Anemia","C1623038","C0002871"
439.5,250.408333194671,"Starvation","Mittelschmerz","C0038187","C0152149"
716.25,146.577340222378,"Cleocin","Rogaine","C0008947","C0026196"
1378.75,38.6123900667476,"Hepatitis","Tylenol","C0019158","C0000970"
239,103.166532040838,"Hernias","Earache","C0019270","C0013456"
452.5,269.333127062627,"Arthralgia","Atacand","C0003862","C0717550"
578.5,463.572719933633,"Goiter","Scleroderma","C0018021","C0011644"
1387.25,99.6840843197482,"Ataxia","Ethanol","C0004134","C0001962"
1270.25,244.596777029734,"zoonosis","Babesiosis","C0043528","C0004576"
827.75,573.059842715692,"Pertussis","Leprosy","C0043167","C0023343"
1350.25,173.430821943506,"Rhonchi","Rales","C0035508","C0034642"
622.75,274.036950063308,"Angina","Primatine","C0002962","C0014563"
1357.75,106.899875272768,"Atherosclerosis","Angina","C0004153","C0002962"
1294.5,105.604608485299,"Hepatitis","Hematemesis","C0019158","C0018926"
1189.25,480.009288104581,"Narcan","Morphine","C0027358","C0026549"
726.75,105.265933077452,"Menouria","Menophania","C0232955","C0232962"
947.25,509.167539551898,"Diarrhea","Colchicine","C0011991","C0009262"
1049.75,427.921624443854,"Myositis","Myopathy","C0027121","C0026848"
582,285.174800195716,"Bronchitis","Loperamide","C0006277","C0023992"
1061,508.928940684912,"Dysuria","Cipro","C0013428","C0008809"
1110.75,359.966086365554,"Levaquin","Avelox","C0282386","C0536495"
1394.75,103.840823699866,"Diabetes","Ketonuria","C0011847","C0162275"
1427.75,99.5569351342905,"Dehydration","Gastroenteritis","C0011175","C0017160"
845.5,453.438345680351,"Hyperacusis","Bleomycin","C0034880","C0005740"
717.5,359.360079400407,"Chloramphenicol","Ceftiaxone","C0008168","C0007561"
1122.25,175.949566637716,"Cefaclor","Cefoxitin","C0007537","C0007557"
688,392.184480400062,"Erythromycin","Lidocaine","C0014806","C0023660"
1107.75,113.913344257817,"Catatonia","Lethargy","C0007398","C0023380"
279.5,76.4613191969203,"Allergy.","Heartburn","C1998461","C0018834"
1399.75,28.3004711385989,"Polydipsia","Polyuria","C0085602","C0032617"
1142.75,489.316104374258,"Cirrhosis","Lipitor","C1623038","C0286651"
676.25,505.685920310226,"Stridor","Snoring","C0038450","C0037384"
895.5,549.271335498222,"Atenolol","Lasix","C0004147","C0016860"
815.5,287.120764371603,"Prostatism","Cipro","C0242453","C0008809"
1319.25,106.952871240873,"Photophobia","Meningism","C0085636","C0025287"
1299.25,179.174728500794,"Dehydration","Dysentery","C0011175","C0013369"
1420.5,44.5308881564246,"Enalapril","Lisinopril","C0014025","C0065374"
487,335.557247972185,"Reticulocytosis","Hematemesis","C0206160","C0018926"
806,451.048408340686,"Uremias","Hypersomnolence","C0041948","C0751229"
756,465.608562349677,"Myopathy","Trembling","C0026848","C0234369"
582,285.008771794834,"Uremias","Lithobid","C0041948","C0023870"
1243.5,200.094144508695,"Ketonuria","Insulin","C0162275","C0021641"
867.5,387.112817319878,"Pyorrhea","Prostatism","C0553735","C0242453"
932,440.489878809188,"Blastomycoses","Seizures","C0005716","C0036572"
807.5,202.768340724088,"Candidiasis","Prostatorrhea","C0006840","C0392071"
1344.75,200.058949645682,"Heparin","Protamine Sulfate","C0019134","C0033603"
1048.25,251.177725923299,"Cardiomyopathy","Rales","C0878544","C0034642"
958.5,352.934838178381,"Mycosis","Pain","C0026946","C0030193"
319.25,107.270297224659,"Proteinuria","Rogaine","C0033687","C0026196"
1364,86.9712596206356,"Angina","Dyspnea","C0002962","C0013404"
698.5,365.24375422449,"Bacteremia","Amauroses","C0004610","C0376288"
1425.5,61.4573022512378,"Dyslipidemia","Lipitor","C0242339","C0286651"
517,191.126485169726,"Uremias","Emaciation","C0041948","C0013911"
326.25,108.29396720655,"Osteoporosis","Cardiomyopathy","C0029456","C0878544"
1368.75,179.485143303469,"Hyperemesis","Nausea","C0235250","C0027497"
764.5,441.607291606468,"Parasitemia","Cardialgia","C0242723","C0858529"
1126.75,564.560817509209,"Neuropathy","Insulin","C0442874","C0021641"
1151.75,617.278097780895,"Heartburn","Waterbrash","C0018834","C0043066"
299.5,115.81162866195,"Seasickness","Clubbing","C0036494","C0149651"
1550.5,105.922927955503,"Iron","Iron","C0060277","C0060277"
345,273.310568157667,"Cholelithiasis","Bronchitis","C0008350","C0006277"
564.25,320.326265964355,"Keflex","Xenical","C0007716","C0076275"
1214,314.852346346665,"Brucellosis","zoonosis","C0006309","C0043528"
1165.5,612.442378241959,"Albuterol","Singulair","C0001927","C0298130"
1028.75,400.759591276366,"Bacitracin","Vancocin","C0004899","C0042313"
1152,514.239243932238,"Hyperinsulinism","Diabetes","C0020459","C0011847"
492.75,265.055182933668,"Haldol","Bacitracin","C0018546","C0004899"
1182.25,247.816296208838,"Atenolol","Toprol-XR","C0004147","C0025859"
1427.75,93.7563331194219,"Starvation","Anorexia","C0038187","C0003123"
553.5,526.536165266293,"Angina","Diarrhea","C0002962","C0011991"
857.5,202.462342177502,"Sodium Bicarb","Nolvadex","C0005367","C0039286"
1093.5,223.394270293578,"Lasix","Mannitol","C0016860","C0024730"
856.25,516.90642286588,"Uremias","Pyorrhea","C0041948","C0553735"
779.75,475.129017566106,"Incontinence","Lasix","C0021167","C0016860"
749,89.5805038312839,"Plavix","Foradil","C0070166","C0060657"
1380.25,177.150359864156,"Thromboembolism","Heparin","C0040038","C0019134"
411.25,249.628223564564,"Exophthalmos","Prostatism","C0015300","C0242453"
300,126.630696647114,"Uremias","Aspirin","C0041948","C0004057"
746,281.333728277764,"Sinemet","Gifulvin","C0006982","C0018242"
829.5,563.88799124176,"Allergy.","Bacitracin","C1998461","C0004899"
379.75,241.836549484702,"Hernia","Goiter","C0019270","C0018021"
1028.75,296.397677678711,"Dehydration","Syncope","C0011175","C0039070"
305.75,175.298554852381,"Pyorrhea","Snoring","C0553735","C0037384"
329.5,93.2398341196866,"Reticulocytosis","Coumadin","C0206160","C0043031"
527.25,584.453804846884,"Fish-mouthing","Polyuria","C0231851","C0032617"
1340,154.542335084382,"Arthritis","Rheumatism","C0003864","C0035435"
446.5,283.111874235846,"Sciatica","Fosamax","C0036396","C0102118"
1072.5,466.047565526667,"Deafness","Otitis","C0011053","C0029877"
1452,107.718769642683,"Infertility","Anovulation","C0021359","C0003128"
916,278.022780841187,"Bronchitis","Serevent","C0006277","C0073992"
1272.5,265.882806263712,"Mycosis","Histoplasmosis","C0026946","C0019655"
787.25,10.9962114688045,"Vivarin","Theophyllin","C0006644","C0039771"
681.5,294.401653075069,"Sacrocoxalgia","Waterbrash","C0175848","C0043066"
864.5,90.4451951920794,"Xenical","Glucophage","C0076275","C0025598"
1043,544.887144278519,"Cataracts","Diabetes","C0086543","C0011847"
1070.25,541.415659790762,"Overnutrition","Malnutrition","C1257763","C0162429"
1386.75,31.6478013980961,"Convulsion","Epilepsy","C0009951","C0014544"
420,268.951048829832,"Cyanosis","Folic Acid","C0010520","C0016410"
411.5,294.351830298369,"Infertility","Blepharospasm","C0021359","C0005747"
1471.75,59.1347331664451,"Neuropathy","Diabetes","C0442874","C0011847"
666.75,542.11337990006,"Erythromycin","Allopurinol","C0014806","C0002144"
1511,121.701821405159,"Heartburn","Protonix","C0018834","C0081876"
1389.75,208.327266578333,"Pallor","Weakness","C0030232","C1883552"
732.75,592.524190786053,"Hyperextension","Lopid","C0231451","C0017245"
1473,70.057119552548,"Hypothyroidism","Synthroid","C0020676","C0040165"
1044.25,479.274712456228,"Grimaces","Hemiballismus","C0239779","C0221169"
597.5,391.437095840443,"Dextran","amphetamine","C0086140","C0002658"
1157,379.65335065908,"Dysentery","Dizziness","C0013369","C0012833"
1261.75,212.991979504707,"Exophthalmos","Synthroid","C0015300","C0040165"
1399.5,169.810678894664,"Infertility","Anovulation","C0021359","C0003128"
1398.25,123.064684888341,"Dizziness","Vertigo","C0012833","C0042571"
1301.25,91.3359184548992,"Dyslipidemia","Angina","C0242339","C0002962"
718.25,356.597228443146,"Giardiasis","Avitaminoses","C0017536","C0376286"
1424,145.590750621963,"Goiter","Hypothyroidism","C0018021","C0020676"
1253.25,292.839404224682,"Paresis","Paraparesis","C0030552","C0221166"
392.5,279.769548021224,"Seizures","Aloe Vera","C0036572","C0995182"
1350.5,217.492528607306,"Zoloft","Prozac","C0074393","C0016365"
276.5,84.2318229649578,"Peritonitis","Ataxia","C0031154","C0004134"
850.25,418.292859927906,"Actonel","Fosamax","C0246719","C0102118"
670,242.744035285456,"Arthralgia","Chyluria","C0003862","C0159075"
511.5,477.503577648028,"Clubbing","Constipation","C0149651","C0009806"
1329.75,176.051838956598,"Plavix","Lipitor","C0070166","C0286651"
752.25,82.0543519057135,"Hematocolpometra","Pallor","C0018933","C0030232"
727.25,189.823382823789,"Primatine","Levophed","C0014563","C0028351"
1023.5,530.503220222711,"Constipation","Diarrhea","C0009806","C0011991"
722,244.036882458369,"Leukopenia","Pneumonia","C0023530","C0032285"
1256,140.463518395347,"Angina","Toprol-XR","C0002962","C0025859"
249,95.9826373187707,"Cataracts","Narcan","C0086543","C0027358"
514.25,300.492235063293,"Beconase","Cardizem","C0004905","C0012373"
1115,176.357591274093,"Agitation","Morphine","C0085631","C0026549"
1208.5,123.273408865551,"Anosmia","Aphonia","C0003126","C0003564"
943.5,387.723698871589,"Drooling","Sinemet","C0013132","C0006982"
1291.5,174.200076540358,"Syncope","Weakness","C0039070","C1883552"
1298.25,81.9323908272343,"Regurgitation","Heartburn","C2004489","C0018834"
899.5,292.625471664151,"Activase","Streptase","C0032143","C0038418"
720.5,183.154761517867,"Atacand","Avapro","C0717550","C0288171"
343.5,313.972928769345,"Acne","Ataxia","C0702166","C0004134"
753.5,575.191852051702,"Catatonia","Narcan","C0007398","C0027358"
1277,228.207507910381,"Arthralgia","Tylenol","C0003862","C0000970"
261,155.220273589932,"Blepharospasm","Bedwetting","C0005747","C0270327"
1168.5,351.102549122048,"Photopsia","Headache","C0085635","C0018681"
1483.25,121.472562059641,"Meningitis","Headache","C0025289","C0018681"
1069.25,278.730903680713,"Glyburide","Avandia","C0017628","C0289313"
1179,182.893411581719,"Atherosclerosis","Cardialgia","C0004153","C0858529"
431.25,351.04831101526,"Anosmia","Catch","C0003126","C0231617"
1456.5,92.3778472723124,"HYPEREMESIS","Zofran","C0235250","C0061851"
1111.5,506.852049418763,"Earache","Dysacusis","C0013456","C1510450"
1475.5,65.8002026339332,"HYPEREMESIS","Vomiting","C0235250","C0027498"
717.75,450.888289934436,"Thrombophilias","Hemoptysis","C0398623","C0019079"
560,215.646315371567,"Heartburn","Eructation","C0018834","C0014724"
978.75,411.284471706223,"Obesity","Xenical","C0028754","C0076275"
601.25,262.489841073263,"Glucotrol","Motrin","C0017642","C0020740"
416,304.161141502329,"Atherosclerosis","Influenzae","C0004153","C0021400"
505,348.668897379735,"Scapulalgia","Halitosis","C0231655","C0018520"
1370.5,144.981608028973,"Hepatomegaly","Hepatosplenomegaly","C0019209","C0019214"
1252.25,152.226530758165,"Hypersomnolence","Snoring","C0751229","C0037384"
1044.75,339.780689072623,"Prostatorrhea","Cipro","C0392071","C0008809"
873,481.244913393032,"Flatulence","Halitosis","C0016204","C0018520"
565.75,277.251239852954,"Urolithiasis","Amyloidosis","C0451641","C0002726"
604.75,214.279218155502,"Zovirax","Paxil","C0001367","C0070122"
673.75,358.827140370773,"Flushing","Iron","C0016382","C0060277"
448.5,239.118520124784,"Mittelschmerz","Aphonia","C0152149","C0003564"
857.25,481.625286573148,"Hemochromatosis","Arthritis","C0018995","C0003864"
529.75,316.237647980123,"Clubbing","Vitamin K","C0149651","C0042878"
292.25,135.603281671204,"Mittelschmerz","Toothache","C0152149","C0040460"
1249,295.460093188008,"Thirsty","Hunger","C0232471","C0020175"
1054.25,238.014530368771,"Sciatica","Motrin","C0036396","C0020740"
1066.5,301.671454842295,"Bronchitis","Pneumonia","C0006277","C0032285"
774.75,446.02344856147,"Candidiasis","Medrol","C0006840","C0025815"
1073.25,156.303924028371,"Digoxin","Cardizem","C0012265","C0012373"
1034,251.380190150298,"Xanax","Ativan","C0002333","C0024002"
919.5,441.771056845813,"Dyspnea","Medrol","C0013404","C0025815"
1033.75,401.292391322504,"Hypothyroidism","comatose","C0020676","C0009421"
1099.5,381.825876545841,"Diabetes","Prednisolone","C0011847","C0032950"
519.25,433.979550209454,"Thromboembolism","Dermatitis","C0040038","C0011603"
333,200.69379661564,"Pancreatitis","Flatulence","C0030305","C0016204"
761,498.137196630272,"Epilepsy","Carbatrol","C0014544","C0006949"
246.25,164.495947265173,"Clubbing","Garlic","C0149651","C0885057"
379,189.108434502536,"Rheumatism","Sleeplessness","C0035435","C0917801"
720.5,342.100862319872,"Rheumatism","Prednisolone","C0035435","C0032950"
1279.25,154.48705447383,"Diabetes","Hyperglycemia","C0011847","C0020456"
664.5,139.90592077059,"Hemicrania","Nitroglycerine","C0877781","C0017887"
1148.5,194.51221041364,"Thromboembolism","Fibrillation","C0040038","C0232197"
987.75,445.755818806665,"Hemoptysis","Coumadin","C0019079","C0043031"
771,511.860658122241,"Osteoporosis","Actonel","C0029456","C0246719"
494.75,212.303831022115,"Angina","Activase","C0002962","C0032143"
1231.25,240.741043447103,"Dizziness","Fatigue","C0012833","C0015672"
543.25,463.69053976404,"Ataxia","Constipation","C0004134","C0009806"
1185.75,366.862712741429,"Mycosis","Coccidioses","C0026946","C0009187"
823.75,477.150133605766,"Sciatica","Underexertion","C0036396","C0231236"
884.5,431.234275075625,"Catapres","Toprol-XR","C0009014","C0025859"
753.75,140.027080714172,"Lisinopril","Altace","C0065374","C0072973"
879.75,359.602905994932,"Appendicitis","Cefazolin","C0003615","C0007546"
1281.75,83.2601345182675,"Ceftiaxone","Cefoxitin","C0007561","C0007557"
544.5,198.387667627468,"Hemicrania","Tylenol","C0877781","C0000970"
1322,165.684439019883,"Plavix","Coumadin","C0070166","C0043031"
1409.75,88.1981670255492,"Gastroenteritis","Dysentery","C0017160","C0013369"
747.75,470.555965498969,"Epilepsy","Hepatomegaly","C0014544","C0019209"
957.25,538.903439093375,"Hypoproteinemia","Hunger","C0020639","C0020175"
843.5,288.774998917843,"Dyspnea","Serevent","C0013404","C0073992"
652,171.786689433922,"Prilosec","Glucophage","C0028978","C0025598"
773,315.105273414034,"Pneumonia","Meningitis","C0032285","C0025289"
1180.25,431.803485395845,"Medrol","Prednisolone","C0025815","C0032950"
971.25,425.262565951907,"Ischemias","Lipitor","C0022116","C0286651"
774.75,374.331737901023,"Metatarsalgia","Catapres","C0025587","C0009014"
732.25,348.71800928544,"Scapulalgia","Nitroglycerine","C0231655","C0017887"
1302.75,193.375929215608,"Mycosis","Blastomycoses","C0026946","C0005716"
1479.25,93.6709666865886,"Nausea","Zofran","C0027497","C0061851"
726.25,430.795678560808,"Weakness","Zocor","C1883552","C0074554"
1303,231.405848384752,"Carboplatin","Cisplatin","C0079083","C0008838"
1225.75,264.649926002887,"Neuropathy","Syphilis","C0442874","C0039128"
1310,184.61672008064,"Syphilis","Penicillin","C0039128","C0220892"
1064.25,494.80324372421,"Isosorbide","Toprol-XR","C0022251","C0025859"
1109.5,394.537281719569,"Doxycyline","Penicillin","C0013090","C0220892"
482,229.229142998878,"Uremias","Motrin","C0041948","C0020740"
839,457.257768295594,"Rales","Cyanosis","C0034642","C0010520"
489.5,400.167048451852,"Hyperextension","Hunger","C0231451","C0020175"
448.25,229.725016777306,"Mittelschmerz","Actonel","C0152149","C0246719"
345.5,129.322594055847,"Pancreatitis","Cataract","C0030305","C0086543"
318.25,110.261431758042,"Pancreatitis","Maculopapule","C0030305","C0332566"
360.25,112.158741671496,"Waterbrash","Anoxemia","C0043066","C0003129"
1325.5,119.912468075676,"Thromboembolism","Dyspnea","C0040038","C0013404"
1350,182.871539611827,"Hepatitis","Hepatomegaly","C0019158","C0019209"
846.75,407.135829095565,"Hyperacusis","Aphonia","C0034880","C0003564"
509.25,200.805668910683,"Thrombocytopenia","Heartburn","C0040034","C0018834"
1263,184.208215524353,"Appendicitis","Peritonitis","C0003615","C0031154"
1058.5,378.240223491192,"Opisthotonus","Seizures","C0151818","C0036572"
522,194.999145297272,"Dobutamine","Oxycontin","C0012963","C0030049"
742,431.274854356245,"Metatarsalgia","Colchicine","C0025587","C0009262"
528,195.954076252575,"Plendil","Norvasc","C0015772","C0051696"
1174.5,301.623938042059,"Bandemia","Granulocytosis","C0741439","C1282609"
1121,100.608150763246,"Levophed","Propofol","C0028351","C0033487"
650.75,351.569220306139,"Chills","Snoring","C0085593","C0037384"
531,263.607030761068,"Camelpox","Echinacea","C0276185","C0752270"
654.5,225.751338128186,"Overnutrition","Sandimmune","C1257763","C0010592"
1036.5,337.54061484015,"Leukopenia","Bleomycin","C0023530","C0005740"
1071.25,227.769437516684,"Synthroid","Armor Thyroid","C0040165","C0279175"
546.25,145.518326451802,"Atherosclerosis","Urethrorrhea","C0004153","C0152447"
929.75,463.778233641899,"Fibrillation","Synthroid","C0232197","C0040165"
603.75,201.703371315405,"Pyorrhea","Zovirax","C0553735","C0001367"
706.5,188.344542439293,"Albenza","Vermox","C0001911","C0025023"
765.75,476.705621951325,"Thrombophilias","Coumadin","C0398623","C0043031"
455,241.529846326839,"Atherosclerosis","Toothache","C0004153","C0040460"
917,482.104414693193,"Clonus","Spasm","C0009024","C0037763"
884.75,379.057053753126,"Pyorrhea","Nephritis","C0553735","C0027697"
1064.5,521.78699357752,"Dyspnea","Narcan","C0013404","C0027358"
864.75,440.820730758737,"Parasitemia","Medrol","C0242723","C0025815"
297.5,66.7957084449792,"Brucellosis","Narcan","C0006309","C0027358"
903.75,329.629463691178,"Dysuria","Urethrorrhea","C0013428","C0152447"
1199.25,247.532321121909,"Thalassemia","Iron","C0039730","C0060277"
869.5,596.671601469351,"Tuberculosis","Pallor","C0041296","C0030232"
972.75,504.586546920678,"Nitroglycerine","Toprol-XR","C0017887","C0025859"
416.25,355.010211120751,"Allergy.","Meningism","C1998461","C0025287"
564,264.519690508413,"Hyperoxia","Xenical","C0242706","C0076275"
508,414.498090063955,"Constipation","Cardizem","C0009806","C0012373"
1161.25,269.323071174132,"Candidiasis","Mycosis","C0006840","C0026946"
1119.75,451.655750175581,"Zocor","Fish Oil","C0074554","C0016157"
1099.5,507.294457555636,"comatose","Anoxemia","C0009421","C0003129"
1128.25,163.701710437002,"Angina","Cardialgia","C0002962","C0858529"
438.75,314.167020335787,"Deafness","Blepharospasm","C0011053","C0005747"
438.75,253.180271743278,"Vasculitis","Convulsion","C0042384","C0009951"
342.25,149.24113597352,"Syncope","Xanax","C0039070","C0002333"
404.75,297.548175371093,"Gonorrhea","Xenical","C0018081","C0076275"
446,255.085606545463,"Hyperoxia","Xenical","C0242706","C0076275"
1303.75,175.397405910122,"Schistosomiasis","Parasitemia","C0036323","C0242723"
1436,50.8789412887755,"Lipitor","Zocor","C0286651","C0074554"
221,112.933608815091,"Snoring","Welts","C0037384","C0221232"
444.75,279.264957820824,"Anoxemia","Ataxia","C0003129","C0004134"
330.25,376.729235216311,"comatose","Cataracts","C0009421","C0086543"
652.25,202.699079096741,"Wellbutrin","Endep","C0085208","C0002600"
391,274.302752447,"Anosmia","Constipation","C0003126","C0009806"
1002.25,440.437188105939,"Headache","Flushing","C0018681","C0016382"
685.25,407.588333984181,"Bandemia","Nausea","C0741439","C0027497"
296.25,126.212453162647,"Bleomycin","Antabuse","C0005740","C0012772"
770.75,560.676005669347,"Avitaminoses","Starvation","C0376286","C0038187"
550,340.858719510983,"Mycosis","Medrol","C0026946","C0025815"
1188.75,237.390501073653,"Polyarthritides","Arthralgia","C0162323","C0003862"
1287.25,193.980024744817,"Cardiomyopathy","Angina","C0878544","C0002962"
1092.75,358.351201104912,"Cirrhosis","Zocor","C1623038","C0074554"
1429.5,125.969573045769,"Hunger","Starvation","C0020175","C0038187"
1197.25,241.777273539098,"Hypothyroidism","comatose","C0020676","C0009421"
1059,376.19764309026,"Hyperoxia","Anoxemia","C0242706","C0003129"
1363,78.6256955454131,"Ischemias","Isosorbide","C0022116","C0022251"
460.75,401.904943156132,"Anovulation","Torticollis","C0003128","C0040485"
1338.5,160.271644404118,"Tuberculosis","Hemoptysis","C0041296","C0019079"
1368.25,113.20298877091,"Fibrillation","Angina","C0232197","C0002962"
1309.5,146.124376246174,"Hypothyroidism","Tiredness","C0020676","C0557875"
1364,199.526105226025,"Syphilis","Dementias","C0039128","C0497327"
465,338.872640776246,"Drooling","Chills","C0013132","C0085593"
482.75,465.777754585453,"Arthritis","Underexertion","C0003864","C0231236"
1439.75,155.482850072497,"Diabetes","Polyuria","C0011847","C0032617"
1269.75,256.622128170325,"Hemoptysis","Hematemesis","C0019079","C0018926"
987.5,514.904845578287,"Pallor","Albumin","C0030232","C0001924"
1432.5,113.966369308377,"Syphilis","Gonorrhea","C0039128","C0018081"
460.75,222.390609813754,"Cataracts","Scapulalgia","C0086543","C0231655"
469.25,392.965117196595,"Epilepsy","Ativan","C0014544","C0024002"
252.5,92.5796953980731,"Camelpox","Snoring","C0276185","C0037384"
680.5,457.34997540177,"Adenitis","Stridor","C0001416","C0038450"
1395.75,170.376788325171,"Heartburn","Pepcid","C0018834","C0015620"
1064,352.42777037761,"Pyorrhea","Dysuria","C0553735","C0013428"
1027,468.48906070473,"Clubbing","Spiriva","C0149651","C0213771"
262.75,123.785769241325,"Asthma","Urolithiasis","C0004096","C0451641"
1353,75.6218663262595,"Thromboembolism","Coumadin","C0040038","C0043031"
293,69.6371548337045,"Fibrillation","Halitosis","C0232197","C0018520"
1061,556.911722507856,"Glomerulosclerosis","Proteinuria","C0178664","C0033687"
1349.75,155.624280453491,"Nocturia","Diabetes","C0028734","C0011847"
658.5,227.168806544091,"Seizures","Calamine","C0036572","C0357929"
833.75,274.470854554723,"Scapulalgia","Metatarsalgia","C0231655","C0025587"
1406.5,130.81666560496,"Allopurinol","Colchicine","C0002144","C0009262"
899.25,492.898485153552,"Hemochromatosis","Arthralgia","C0018995","C0003862"
1274.75,298.33244878826,"Amantadine","Tamiflu","C0002403","C0874161"
1295.5,75.562336297038,"Meningitis","Ceftiaxone","C0025289","C0007561"
1078.75,435.431873737634,"Pneumonia","Cyanosis","C0032285","C0010520"
1226.75,209.519092208801,"Thromboembolism","Syncope","C0040038","C0039070"
311,79.5277729266114,"Cluttering","Nitroglycerine","C0009090","C0017887"
1224.5,301.414996309075,"Tremor","Sinemet","C0040822","C0023570"
515.25,226.835292668491,"Epilepsy","Anosmia","C0014544","C0003126"
612,368.199221436801,"Lymphadenitis","Camelpox","C0024205","C0276185"
943.75,362.857524840444,"Agitation","Synthroid","C0085631","C0040165"
535.25,566.727080112935,"Anovulation","Emaciation","C0003128","C0013911"
516.25,329.108264861276,"Erythema","Dilantin","C0041834","C0031507"
570.25,459.700174026506,"Dehydration","Candidiases","C0011175","C0006840"
409.5,288.915789345846,"Rales","Hyperacusis","C0034642","C0034880"
409.75,291.748036268741,"Cortisone","Adenosine","C0010137","C0001443"
1423.75,89.7306153625023,"Headache","Tylenol","C0018681","C0000970"
1254,208.745459032446,"Arthritis","Metatarsalgia","C0003864","C0025587"
528,560.150574994498,"Erythema","Tremor","C0041834","C0040822"
1439.75,106.781318590847,"Obesity","Snoring","C0028754","C0037384"
1414.75,132.96208732818,"Dyspnea","Cyanosis","C0013404","C0010520"
252.25,121.120807460981,"Allergy.","Torticollis","C1998461","C0040485"
974.5,388.725695917657,"Uremias","Nausea","C0041948","C0027497"
1023,413.456164544683,"Prostatism","Prostatorrhea","C0242453","C0392071"
525.75,187.927956054086,"Posseting","Regurgitation","C0344370","C2004489"
785,470.004964512788,"Gastroenteritis","Seizures","C0017160","C0036572"
1313.5,169.110417577787,"comatose","Hyperglycemia","C0009421","C0020456"
1341.25,174.864471329465,"Weakness","Emaciation","C1883552","C0013911"
1315.75,184.480125397471,"Thirsty","Hunger","C0232471","C0020175"
1375.5,161.043472391774,"Anemia","Iron","C0002871","C0060277"
1139,485.097241110824,"Angina","Heartburn","C0002962","C0018834"
1146.75,520.769542760199,"Dyspnea","Spiriva","C0013404","C0213771"
615.75,232.584572431908,"Dyslipidemia","Activase","C0242339","C0032143"
444,285.74230814961,"Hyperinsulinism","Snoring","C0020459","C0037384"
640.25,336.645585148536,"Leukopenia","Penicillin","C0023530","C0220892"
1225.5,198.703296399431,"Meningitis","Meningism","C0025289","C0025287"
799,198.304479693896,"Weakness","Glucagen","C1883552","C0017687"
662.5,260.468168240702,"Constipation","Calan","C0009806","C0042523"
1191.5,204.033493982401,"Fibrillation","Atenolol","C0232197","C0004147"
1354.25,112.411075966739,"Dyslipidemia","Hyperlipidemia","C0242339","C0020473"
1309,127.781062759706,"Wheezing","Stridor","C0043144","C0038450"
1179,349.137031359704,"Waterbrash","Regurgitation","C0043066","C2004489"
1248,289.061700449345,"Pallor","Blanching","C0030232","C0948786"
798,537.471239540623,"Hemoptysis","Protamine Sulfate","C0019079","C0033603"
1379.5,74.0877857679658,"Rales","Lasix","C0034642","C0016860"
926.5,420.146403054935,"Anemia","Coumadin","C0002871","C0043031"
641.75,217.159503591254,"Formication","Paresthesia","C0016579","C0030554"
1017.5,128.987079456303,"Actonel","Insulin","C0246719","C0021641"
1575,112.011904129278,"Sinemet","Sinemet","C0023570","C0006982"
1286.25,255.681279460712,"Dermatitis","Aloe Vera","C0011603","C0995182"
831.25,353.300981223281,"Coccidioses","Medrol","C0009187","C0025815"
588,368.40195439221,"Blepharospasm","Mittelschmerz","C0005747","C0152149"
1363.5,142.764374641108,"Tiredness","Hypersomnolence","C0557875","C0751229"
1433.25,202.000618810933,"Polyuria","Ketonuria","C0032617","C0162275"
268,77.1664866808556,"Toothache","Ataxia","C0040460","C0004134"
241.5,45.0370218079896,"Mannitol","Tylenol","C0024730","C0000970"
848,491.739090711053,"Otitis","Meningism","C0029877","C0025287"
752,272.40533523899,"Clonus","Wellbutrin","C0009024","C0085208"
488.5,255.690568200445,"Ataxia","Ketamine","C0004134","C0022614"
358.25,170.496089886738,"Penicillin","Motrin","C0220892","C0020740"
1276.5,307.230098351925,"Fish Oil","Zocor","C0016157","C0074554"
679.5,487.626564767207,"Nocturia","Ethanol","C0028734","C0001962"
555.75,256.223047363035,"Mycosis","Prostatism","C0026946","C0242453"
215.5,31.288975694324,"Dementia","Aloe Vera","C0497327","C0995182"
257,65.2686754883229,"Dysentery","Esmolol","C0013369","C0116569"
637,399.45546268222,"Plague","Vivarin","C0032064","C0006644"
555.25,334.901353635166,"Rabies","Silvadene","C0034494","C0947651"
1315.5,319.755635863806,"Banana Bag","Alcohol","C0301532","C0001975"
1354,173.865848668832,"Influenza","Pneumoniae","C0021400","C0032285"
585,406.930788545997,"Rabies","Head-Face-Neck-Syndrome","C0034494","C0234990"
226.75,72.0341354266619,"Giardiasis","Mannerism","C0017536","C0233576"
321.75,125.175543404719,"Psoriasis","Atherosclerosis","C0033860","C0004153"
500,262.580781221069,"Propranolol","Bactroban","C0033497","C0085259"
518.75,370.530588031092,"Toothache","Hytrin","C0040460","C0076107"
1255.25,94.4117753955159,"Dermatomyositis","Myopathy","C0011633","C0026848"
788.25,323.320661263706,"Starvation","Cisplatin","C0038187","C0008838"
1332,220.639978245104,"Anovulation","Amenorrhoea","C0003128","C0002453"
460.75,233.29577078607,"Camelpox","Waterbrash","C0276185","C0043066"
1359.5,123.780720092697,"Agranulocytosis","Anemia","C0001824","C0002871"
1377.5,133.978854052919,"Torticollis","Spasm","C0040485","C0037763"
603.75,263.886812857331,"Tiredness","Calan","C0557875","C0042523"
593.25,276.11757761263,"Calamine","Bleomycin","C0357929","C0005740"
638.75,213.24848573124,"Hemochromatosis","Vermox","C0018995","C0025023"
619.75,382.097173504333,"Anovulation","Sinemet","C0003128","C0006982"
474.25,375.635794354052,"Hyperextension","Bacitracin","C0231451","C0004899"
1104,201.241148873683,"Albuterol","Serevent","C0001927","C0073992"
1127.25,157.010349977318,"Arthritis","Amyloidoses","C0003864","C0002726"
710.25,169.549157080378,"Cyanosis","Primatine","C0010520","C0014563"
1351,72.3371734771733,"Pepcid","Zantac","C0015620","C0034665"
829.5,297.734221524276,"Calan","Echinacea","C0042523","C0752270"
477.5,360.944594086128,"Epilepsy","Ischemia","C0014544","C0022116"
1463,157.397585750227,"Carsickness","Nausea","C0007297","C0027497"
1135,383.698666490603,"zoonosis","Plague","C0043528","C0032064"
989.5,385.782754064167,"Meningism","Zovirax","C0025287","C0001367"
1005.25,525.215114659381,"Abortions.spontaneous","Listeriosis","C0000786","C0023860"
818.5,311.309599380852,"Epilepsy","Actonel","C0014544","C0246719"
